user_id,emotion,trial_id,gaze_x,gaze_y,attention_time,emotion_score,engagement_score,Product Features,Eye direction
142,happy,1,172.0,159,1.609210054,1.0,2.609210054,,
975,happy,2,725.0,316,2.811552666,1.0,3.811552666,,
813,happy,3,545.0,197,3.370256719,1.0,4.370256719,,
884,happy,4,576.0,208,4.875856789,1.0,5.875856789,,
407,happy,5,703.0,198,2.078055353,1.0,3.078055353,,
719,sad,6,676.0,246,3.795054141,0.2,3.995054141,,
429,surprise,7,733.0,92,1.798527437,0.8,2.598527437,,
868,happy,8,114.0,182,3.331950404,1.0,4.331950404,,
887,sad,9,514.0,73,1.270683346,0.2,1.470683346,,
130,surprise,10,295.0,413,2.114676822,0.8,2.914676822,,
779,neutral,11,492.0,449,1.200651724,0.5,1.700651724,,
577,angry,12,753.0,401,2.5095647,0.0,2.5095647,,
760,surprise,13,361.0,405,3.771900106,0.8,4.571900106,,
780,surprise,14,687.0,332,4.691580145,0.8,5.491580145,,
841,angry,15,573.0,291,4.964767642,0.0,4.964767642,,
397,sad,16,676.0,68,2.873891581,0.2,3.073891581,,
587,neutral,17,511.0,232,2.65680779,0.5,3.15680779,,
448,angry,18,20.0,284,4.323697462,0.0,4.323697462,,
443,neutral,19,651.0,263,2.69479404,0.5,3.19479404,,
243,happy,20,22.0,381,2.751113251,1.0,3.751113251,,
270,happy,21,53.0,256,4.853096203,1.0,5.853096203,,
733,angry,22,143.0,225,4.860559694,0.0,4.860559694,,
238,neutral,23,619.0,324,4.57593643,0.5,5.07593643,,
49,angry,24,328.0,433,4.096341157,0.0,4.096341157,,
931,happy,25,61.0,141,4.273954659,1.0,5.273954659,,
998,happy,26,328.0,358,2.22920652,1.0,3.22920652,,
645,surprise,27,526.0,101,2.354765775,0.8,3.154765775,,
827,happy,28,215.0,278,1.166585705,1.0,2.166585705,,
10,angry,29,155.0,145,3.212814152,0.0,3.212814152,,
898,angry,30,654.0,346,1.798950481,0.0,1.798950481,,
783,surprise,31,278.0,36,2.806037913,0.8,3.606037913,,
516,surprise,32,119.0,492,3.875844183,0.8,4.675844183,,
29,surprise,33,568.0,260,3.405545233,0.8,4.205545233,,
461,angry,34,14.0,38,1.723857729,0.0,1.723857729,,
453,happy,35,675.0,337,3.725504899,1.0,4.725504899,,
671,neutral,36,563.0,479,2.968869168,0.5,3.468869168,,
650,sad,37,252.0,49,1.340890925,0.2,1.540890925,,
649,sad,38,711.0,114,1.745315455,0.2,1.945315455,,
339,happy,39,673.0,470,4.456868091,1.0,5.456868091,,
611,happy,40,25.0,183,4.939002859,1.0,5.939002859,,
831,surprise,41,658.0,135,2.486127425,0.8,3.286127425,,
81,neutral,42,104.0,84,1.107777987,0.5,1.607777987,,
944,neutral,43,149.0,97,2.775057852,0.5,3.275057852,,
995,surprise,44,9.0,284,1.661542143,0.8,2.461542143,,
140,neutral,45,66.0,404,4.52189887,0.5,5.02189887,,
704,happy,46,519.0,152,2.986392437,1.0,3.986392437,,
283,neutral,47,285.0,260,4.766100814,0.5,5.266100814,,
64,happy,48,79.0,78,3.57944284,1.0,4.57944284,,
103,angry,49,393.0,234,4.832107693,0.0,4.832107693,,
823,sad,50,565.0,384,2.804806557,0.2,3.004806557,,
348,sad,51,463.0,468,1.328200098,0.2,1.528200098,,
374,surprise,52,133.0,153,2.674545396,0.8,3.474545396,,
337,surprise,53,512.0,152,2.619469649,0.8,3.419469649,,
251,happy,54,283.0,318,4.469484759,1.0,5.469484759,,
965,surprise,55,394.0,496,3.500297619,0.8,4.300297619,,
85,sad,56,580.0,251,3.315388265,0.2,3.515388265,,
276,sad,57,525.0,124,3.66599405,0.2,3.86599405,,
880,neutral,58,147.0,459,2.08921675,0.5,2.58921675,,
659,surprise,59,525.0,474,2.992135234,0.8,3.792135234,,
860,surprise,60,615.0,277,3.013511827,0.8,3.813511827,,
651,surprise,61,77.0,276,3.37715358,0.8,4.17715358,,
957,surprise,62,529.0,421,2.117210347,0.8,2.917210347,,
787,angry,63,183.0,50,3.594657226,0.0,3.594657226,,
953,neutral,64,743.0,325,3.620751162,0.5,4.120751162,,
270,happy,65,202.0,353,3.852491538,1.0,4.852491538,,
543,happy,66,75.0,183,1.059545827,1.0,2.059545827,,
999,happy,67,489.0,204,4.8265701,1.0,5.8265701,,
385,happy,68,204.0,20,2.022096045,1.0,3.022096045,,
298,happy,69,578.0,112,4.447643745,1.0,5.447643745,,
415,surprise,70,796.0,91,2.421024703,0.8,3.221024703,,
930,neutral,71,405.0,58,4.654300456,0.5,5.154300456,,
631,surprise,72,490.0,384,2.721323505,0.8,3.521323505,,
946,neutral,73,690.0,244,4.286116538,0.5,4.786116538,,
499,surprise,74,564.0,258,2.659703425,0.8,3.459703425,,
33,neutral,75,738.0,124,4.178158837,0.5,4.678158837,,
37,angry,76,12.0,244,4.107499182,0.0,4.107499182,,
40,neutral,77,373.0,210,1.548254145,0.5,2.048254145,,
758,neutral,78,261.0,290,1.296552553,0.5,1.796552553,,
56,sad,79,343.0,406,3.933845721,0.2,4.133845721,,
904,angry,80,181.0,487,2.807472656,0.0,2.807472656,,
446,surprise,81,549.0,398,4.354041352,0.8,5.154041352,,
779,neutral,82,481.0,430,2.485648519,0.5,2.985648519,,
700,angry,83,12.0,287,2.320988264,0.0,2.320988264,,
902,sad,84,435.0,42,2.296512661,0.2,2.496512661,,
267,angry,85,427.0,495,1.876823364,0.0,1.876823364,,
402,surprise,86,537.0,24,4.366673167,0.8,5.166673167,,
957,surprise,87,33.0,24,1.830940664,0.8,2.630940664,,
964,angry,88,792.0,111,3.596608521,0.0,3.596608521,,
248,surprise,89,674.0,405,2.322301898,0.8,3.122301898,,
868,happy,90,535.0,353,1.124349743,1.0,2.124349743,,
516,surprise,91,88.0,42,2.369719379,0.8,3.169719379,,
398,happy,92,134.0,256,4.128571851,1.0,5.128571851,,
879,surprise,93,686.0,65,1.983863558,0.8,2.783863558,,
495,happy,94,682.0,244,3.9658042,1.0,4.9658042,,
615,angry,95,569.0,406,2.934595035,0.0,2.934595035,,
524,angry,96,319.0,484,4.648728815,0.0,4.648728815,,
981,neutral,97,545.0,74,2.80393694,0.5,3.30393694,,
687,happy,98,13.0,40,2.343762853,1.0,3.343762853,,
15,happy,99,3.0,302,3.62839148,1.0,4.62839148,,
68,neutral,100,475.0,188,1.886625518,0.5,2.386625518,,
414,angry,101,227.0,115,3.042405409,0.0,3.042405409,,
405,sad,102,570.0,345,1.74203781,0.2,1.94203781,,
507,sad,103,668.0,84,3.940909711,0.2,4.140909711,,
392,neutral,104,165.0,206,4.298380881,0.5,4.798380881,,
799,surprise,105,256.0,431,2.401859131,0.8,3.201859131,,
236,surprise,106,612.0,403,1.284499523,0.8,2.084499523,,
689,angry,107,19.0,159,1.827750302,0.0,1.827750302,,
567,happy,108,377.0,443,2.66286069,1.0,3.66286069,,
451,sad,109,61.0,22,3.779028453,0.2,3.979028453,,
33,neutral,110,231.0,193,4.190320441,0.5,4.690320441,,
977,angry,111,94.0,16,4.707157952,0.0,4.707157952,,
634,surprise,112,181.0,271,2.539266895,0.8,3.339266895,,
304,sad,113,426.0,187,4.122229551,0.2,4.322229551,,
981,neutral,114,581.0,102,3.523232385,0.5,4.023232385,,
461,angry,115,195.0,183,1.389957085,0.0,1.389957085,,
448,angry,116,474.0,425,1.574827947,0.0,1.574827947,,
255,angry,117,230.0,367,4.907071826,0.0,4.907071826,,
517,angry,118,83.0,349,4.709386325,0.0,4.709386325,,
315,surprise,119,89.0,145,4.223012921,0.8,5.023012921,,
492,happy,120,9.0,323,4.696515892,1.0,5.696515892,,
824,happy,121,36.0,178,4.740535336,1.0,5.740535336,,
169,surprise,122,77.0,35,2.01300855,0.8,2.81300855,,
84,neutral,123,496.0,422,3.94019868,0.5,4.44019868,,
263,angry,124,304.0,81,3.471443722,0.0,3.471443722,,
125,angry,125,522.0,139,4.535369655,0.0,4.535369655,,
702,happy,126,216.0,254,2.362704072,1.0,3.362704072,,
725,happy,127,96.0,7,1.956043049,1.0,2.956043049,,
939,angry,128,443.0,426,2.705040993,0.0,2.705040993,,
49,angry,129,351.0,17,1.936625655,0.0,1.936625655,,
817,angry,130,496.0,264,3.720418736,0.0,3.720418736,,
960,angry,131,439.0,420,1.300689054,0.0,1.300689054,,
514,neutral,132,447.0,107,4.787391262,0.5,5.287391262,,
191,surprise,133,723.0,317,4.538653194,0.8,5.338653194,,
991,neutral,134,159.0,262,3.918421998,0.5,4.418421998,,
81,neutral,135,426.0,359,1.839477136,0.5,2.339477136,,
938,sad,136,120.0,414,2.481193189,0.2,2.681193189,,
860,surprise,137,221.0,102,1.196190057,0.8,1.996190057,,
320,neutral,138,220.0,215,3.098941233,0.5,3.598941233,,
319,happy,139,156.0,405,2.747211019,1.0,3.747211019,,
595,sad,140,480.0,398,4.400330783,0.2,4.600330783,,
970,angry,141,172.0,365,2.492276806,0.0,2.492276806,,
613,surprise,142,225.0,93,2.612799181,0.8,3.412799181,,
85,sad,143,56.0,280,3.798039115,0.2,3.998039115,,
78,angry,144,530.0,282,3.792915346,0.0,3.792915346,,
55,sad,145,653.0,177,3.40083082,0.2,3.60083082,,
305,happy,146,384.0,389,4.39561358,1.0,5.39561358,,
921,neutral,147,308.0,386,2.136445902,0.5,2.636445902,,
501,surprise,148,68.0,362,3.19895766,0.8,3.99895766,,
971,sad,149,115.0,1,3.548718178,0.2,3.748718178,,
521,happy,150,725.0,153,1.315518615,1.0,2.315518615,,
1000,happy,151,322.0,176,3.817246587,1.0,4.817246587,,
344,angry,152,27.0,166,2.715980282,0.0,2.715980282,,
103,angry,153,566.0,85,2.592331267,0.0,2.592331267,,
342,neutral,154,140.0,101,2.154308074,0.5,2.654308074,,
606,surprise,155,693.0,202,3.922352166,0.8,4.722352166,,
143,neutral,156,713.0,219,3.125784275,0.5,3.625784275,,
155,sad,157,776.0,270,2.844187122,0.2,3.044187122,,
36,happy,158,38.0,79,3.465267451,1.0,4.465267451,,
215,surprise,159,559.0,248,3.845082717,0.8,4.645082717,,
738,angry,160,318.0,168,4.300470032,0.0,4.300470032,,
484,surprise,161,612.0,157,4.074648906,0.8,4.874648906,,
918,angry,162,631.0,496,2.596143892,0.0,2.596143892,,
933,happy,163,169.0,433,2.622256569,1.0,3.622256569,,
500,happy,164,530.0,44,3.092592883,1.0,4.092592883,,
395,angry,165,331.0,378,2.9931209,0.0,2.9931209,,
676,sad,166,449.0,267,2.09245207,0.2,2.29245207,,
512,neutral,167,784.0,217,2.88835381,0.5,3.38835381,,
147,angry,168,542.0,478,2.180503892,0.0,2.180503892,,
781,neutral,169,283.0,266,3.775183603,0.5,4.275183603,,
192,angry,170,16.0,132,1.903759652,0.0,1.903759652,,
90,neutral,171,154.0,342,3.331103181,0.5,3.831103181,,
926,neutral,172,94.0,236,3.168206791,0.5,3.668206791,,
519,neutral,173,653.0,41,2.947876257,0.5,3.447876257,,
674,angry,174,564.0,369,4.416014358,0.0,4.416014358,,
358,happy,175,724.0,148,3.530065275,1.0,4.530065275,,
22,angry,176,158.0,143,2.418284404,0.0,2.418284404,,
758,neutral,177,306.0,340,1.931486916,0.5,2.431486916,,
492,happy,178,228.0,403,1.294129079,1.0,2.294129079,,
500,happy,179,702.0,428,4.159806302,1.0,5.159806302,,
38,surprise,180,12.0,371,2.773185376,0.8,3.573185376,,
623,surprise,181,609.0,455,2.691966094,0.8,3.491966094,,
286,surprise,182,637.0,497,3.754243497,0.8,4.554243497,,
903,surprise,183,6.0,347,2.445523566,0.8,3.245523566,,
514,neutral,184,242.0,483,3.922590249,0.5,4.422590249,,
412,sad,185,795.0,312,4.381669084,0.2,4.581669084,,
394,sad,186,212.0,193,3.758525747,0.2,3.958525747,,
64,happy,187,445.0,179,2.36861519,1.0,3.36861519,,
265,neutral,188,223.0,339,2.130954943,0.5,2.630954943,,
715,surprise,189,190.0,57,1.816838322,0.8,2.616838322,,
167,angry,190,490.0,462,2.855485243,0.0,2.855485243,,
887,sad,191,143.0,378,3.784488264,0.2,3.984488264,,
509,angry,192,31.0,378,3.023194965,0.0,3.023194965,,
334,sad,193,675.0,31,4.201502918,0.2,4.401502918,,
344,angry,194,166.0,124,1.930801018,0.0,1.930801018,,
376,surprise,195,744.0,284,2.59494101,0.8,3.39494101,,
668,sad,196,394.0,128,1.576424589,0.2,1.776424589,,
272,neutral,197,480.0,409,2.83917126,0.5,3.33917126,,
247,surprise,198,413.0,144,2.694513381,0.8,3.494513381,,
32,sad,199,277.0,468,4.505278771,0.2,4.705278771,,
255,angry,200,654.0,340,4.165271029,0.0,4.165271029,,
749,surprise,201,360.0,120,2.793459684,0.8,3.593459684,,
98,surprise,202,241.0,154,2.519707547,0.8,3.319707547,,
794,angry,203,798.0,344,3.765175587,0.0,3.765175587,,
515,happy,204,381.0,31,1.176238191,1.0,2.176238191,,
558,happy,205,610.0,425,1.472497402,1.0,2.472497402,,
804,neutral,206,77.0,129,2.089773509,0.5,2.589773509,,
608,angry,207,595.0,24,2.022927535,0.0,2.022927535,,
145,neutral,208,537.0,419,4.811826779,0.5,5.311826779,,
51,happy,209,595.0,172,2.405598848,1.0,3.405598848,,
237,happy,210,772.0,360,4.86852599,1.0,5.86852599,,
477,happy,211,640.0,136,4.052474176,1.0,5.052474176,,
466,neutral,212,243.0,266,4.542277674,0.5,5.042277674,,
968,angry,213,369.0,310,3.958749379,0.0,3.958749379,,
239,neutral,214,34.0,346,2.584339985,0.5,3.084339985,,
211,happy,215,48.0,19,1.757144101,1.0,2.757144101,,
659,surprise,216,98.0,141,1.152247833,0.8,1.952247833,,
150,sad,217,299.0,134,2.468549764,0.2,2.668549764,,
31,sad,218,118.0,99,4.603095919,0.2,4.803095919,,
571,surprise,219,742.0,170,3.913824202,0.8,4.713824202,,
713,angry,220,529.0,390,1.330718866,0.0,1.330718866,,
938,sad,221,537.0,125,2.131211897,0.2,2.331211897,,
515,happy,222,104.0,414,2.528805372,1.0,3.528805372,,
119,sad,223,424.0,454,2.094470022,0.2,2.294470022,,
644,sad,224,451.0,421,1.548269779,0.2,1.748269779,,
469,surprise,225,338.0,461,3.529589941,0.8,4.329589941,,
921,neutral,226,187.0,209,3.025853641,0.5,3.525853641,,
52,neutral,227,472.0,363,3.004646378,0.5,3.504646378,,
10,angry,228,118.0,228,4.640221319,0.0,4.640221319,,
578,angry,229,250.0,80,3.65275405,0.0,3.65275405,,
402,surprise,230,224.0,471,3.675059501,0.8,4.475059501,,
584,surprise,231,681.0,345,2.565468253,0.8,3.365468253,,
268,surprise,232,103.0,495,1.584404837,0.8,2.384404837,,
367,surprise,233,307.0,134,1.082370441,0.8,1.882370441,,
826,sad,234,741.0,98,2.139276357,0.2,2.339276357,,
378,surprise,235,115.0,36,3.600252669,0.8,4.400252669,,
495,happy,236,290.0,369,4.108532328,1.0,5.108532328,,
931,happy,237,462.0,162,2.053802447,1.0,3.053802447,,
55,sad,238,760.0,228,4.037842481,0.2,4.237842481,,
439,neutral,239,280.0,426,1.052870842,0.5,1.552870842,,
332,neutral,240,718.0,281,2.369219369,0.5,2.869219369,,
476,neutral,241,482.0,461,2.948336051,0.5,3.448336051,,
145,neutral,242,603.0,378,4.903404654,0.5,5.403404654,,
660,happy,243,284.0,279,3.417383844,1.0,4.417383844,,
680,sad,244,740.0,436,3.941944772,0.2,4.141944772,,
117,sad,245,794.0,325,4.138038682,0.2,4.338038682,,
26,angry,246,682.0,269,3.262652769,0.0,3.262652769,,
326,angry,247,454.0,49,4.402966397,0.0,4.402966397,,
768,neutral,248,738.0,217,2.958336469,0.5,3.458336469,,
354,angry,249,538.0,188,1.420542286,0.0,1.420542286,,
22,angry,250,449.0,248,4.606974743,0.0,4.606974743,,
876,surprise,251,517.0,286,3.894054856,0.8,4.694054856,,
711,surprise,252,419.0,388,4.308846803,0.8,5.108846803,,
360,surprise,253,414.0,318,3.437159571,0.8,4.237159571,,
48,surprise,254,369.0,116,1.874928832,0.8,2.674928832,,
359,neutral,255,354.0,222,3.95101179,0.5,4.45101179,,
952,sad,256,797.0,363,4.8444579,0.2,5.0444579,,
868,happy,257,364.0,439,2.530265902,1.0,3.530265902,,
179,angry,258,400.0,411,4.341573942,0.0,4.341573942,,
725,happy,259,386.0,344,2.700228993,1.0,3.700228993,,
356,angry,260,739.0,261,1.132939165,0.0,1.132939165,,
133,neutral,261,550.0,146,4.232462505,0.5,4.732462505,,
853,surprise,262,343.0,154,2.714356853,0.8,3.514356853,,
701,angry,263,698.0,91,4.274897308,0.0,4.274897308,,
899,sad,264,626.0,89,4.075433773,0.2,4.275433773,,
5,happy,265,327.0,104,2.493324389,1.0,3.493324389,,
368,neutral,266,655.0,79,1.438378612,0.5,1.938378612,,
595,sad,267,66.0,427,2.096307699,0.2,2.296307699,,
2,angry,268,788.0,430,1.421499253,0.0,1.421499253,,
820,surprise,269,205.0,323,1.251271385,0.8,2.051271385,,
347,surprise,270,237.0,21,3.496655294,0.8,4.296655294,,
763,angry,271,240.0,493,1.878127808,0.0,1.878127808,,
483,sad,272,363.0,52,3.607580568,0.2,3.807580568,,
16,sad,273,278.0,153,1.127390012,0.2,1.327390012,,
986,angry,274,401.0,345,1.132151796,0.0,1.132151796,,
784,sad,275,436.0,145,2.338076132,0.2,2.538076132,,
943,neutral,276,179.0,414,4.618758832,0.5,5.118758832,,
983,surprise,277,178.0,324,2.07925227,0.8,2.87925227,,
270,happy,278,411.0,296,4.745167426,1.0,5.745167426,,
537,surprise,279,779.0,2,3.365035787,0.8,4.165035787,,
995,surprise,280,560.0,227,1.962771365,0.8,2.762771365,,
224,surprise,281,429.0,270,4.525423442,0.8,5.325423442,,
997,sad,282,124.0,447,3.447763292,0.2,3.647763292,,
139,happy,283,196.0,274,4.081593345,1.0,5.081593345,,
983,surprise,284,688.0,429,2.181364055,0.8,2.981364055,,
127,angry,285,602.0,376,3.406509418,0.0,3.406509418,,
982,sad,286,672.0,256,2.346861304,0.2,2.546861304,,
810,neutral,287,10.0,183,1.911464551,0.5,2.411464551,,
654,happy,288,296.0,48,2.114788092,1.0,3.114788092,,
491,happy,289,676.0,180,1.078121659,1.0,2.078121659,,
505,neutral,290,71.0,410,4.006672121,0.5,4.506672121,,
773,neutral,291,548.0,54,4.23950201,0.5,4.73950201,,
364,sad,292,388.0,203,4.487242764,0.2,4.687242764,,
192,angry,293,623.0,53,4.671825126,0.0,4.671825126,,
684,sad,294,449.0,266,2.810116987,0.2,3.010116987,,
643,happy,295,324.0,195,2.412772259,1.0,3.412772259,,
164,sad,296,67.0,77,1.531435451,0.2,1.731435451,,
320,neutral,297,365.0,208,1.573420546,0.5,2.073420546,,
551,happy,298,66.0,141,4.873870599,1.0,5.873870599,,
636,happy,299,154.0,241,1.678130499,1.0,2.678130499,,
665,angry,300,526.0,95,3.453883952,0.0,3.453883952,,
841,angry,301,158.0,14,2.420762381,0.0,2.420762381,,
249,happy,302,436.0,221,3.506125871,1.0,4.506125871,,
70,neutral,303,689.0,5,1.930480374,0.5,2.430480374,,
938,sad,304,52.0,229,4.397776651,0.2,4.597776651,,
588,sad,305,436.0,467,3.679595436,0.2,3.879595436,,
755,angry,306,617.0,320,4.151140362,0.0,4.151140362,,
665,angry,307,571.0,346,3.859093298,0.0,3.859093298,,
272,neutral,308,561.0,449,3.549763698,0.5,4.049763698,,
625,angry,309,29.0,7,2.556714048,0.0,2.556714048,,
499,surprise,310,662.0,318,3.05526734,0.8,3.85526734,,
896,angry,311,774.0,276,3.694119399,0.0,3.694119399,,
573,sad,312,483.0,266,1.165874674,0.2,1.365874674,,
757,surprise,313,183.0,270,3.902641059,0.8,4.702641059,,
382,surprise,314,17.0,411,3.580304715,0.8,4.380304715,,
454,happy,315,646.0,122,2.640410393,1.0,3.640410393,,
717,surprise,316,143.0,202,1.940009602,0.8,2.740009602,,
48,surprise,317,559.0,401,4.998228818,0.8,5.798228818,,
157,surprise,318,94.0,300,3.40339462,0.8,4.20339462,,
410,happy,319,356.0,116,4.284763515,1.0,5.284763515,,
701,angry,320,153.0,450,3.609896866,0.0,3.609896866,,
164,sad,321,644.0,129,3.346729071,0.2,3.546729071,,
487,happy,322,43.0,470,4.986996407,1.0,5.986996407,,
535,sad,323,112.0,58,3.08530045,0.2,3.28530045,,
880,neutral,324,725.0,205,4.023531303,0.5,4.523531303,,
226,surprise,325,157.0,306,2.215010138,0.8,3.015010138,,
724,neutral,326,281.0,84,3.428166314,0.5,3.928166314,,
775,happy,327,245.0,78,2.335427118,1.0,3.335427118,,
662,surprise,328,100.0,196,3.290310618,0.8,4.090310618,,
881,happy,329,480.0,24,3.587463254,1.0,4.587463254,,
787,angry,330,550.0,405,2.481377398,0.0,2.481377398,,
999,happy,331,247.0,46,1.893989536,1.0,2.893989536,,
618,sad,332,630.0,173,1.975271044,0.2,2.175271044,,
559,angry,333,237.0,52,4.463368735,0.0,4.463368735,,
708,angry,334,430.0,16,1.465677566,0.0,1.465677566,,
217,neutral,335,299.0,76,1.383277737,0.5,1.883277737,,
572,neutral,336,491.0,218,3.76383886,0.5,4.26383886,,
957,surprise,337,383.0,469,3.660397071,0.8,4.460397071,,
608,angry,338,761.0,424,3.329255883,0.0,3.329255883,,
895,neutral,339,646.0,259,4.413861953,0.5,4.913861953,,
711,surprise,340,752.0,124,2.290583855,0.8,3.090583855,,
281,sad,341,791.0,424,2.362439067,0.2,2.562439067,,
98,surprise,342,440.0,330,1.396660484,0.8,2.196660484,,
643,happy,343,660.0,145,3.942524485,1.0,4.942524485,,
364,sad,344,90.0,37,3.096959143,0.2,3.296959143,,
251,happy,345,732.0,169,1.352817496,1.0,2.352817496,,
253,angry,346,284.0,484,1.3927846,0.0,1.3927846,,
417,sad,347,705.0,370,3.160043805,0.2,3.360043805,,
441,happy,348,315.0,195,4.012339726,1.0,5.012339726,,
1,angry,349,779.0,365,1.725122792,0.0,1.725122792,,
407,happy,350,280.0,351,2.203793009,1.0,3.203793009,,
711,surprise,351,142.0,459,3.124804579,0.8,3.924804579,,
914,sad,352,481.0,133,1.402156559,0.2,1.602156559,,
275,neutral,353,401.0,411,3.654035689,0.5,4.154035689,,
245,sad,354,566.0,423,3.272981589,0.2,3.472981589,,
156,sad,355,448.0,369,3.934689137,0.2,4.134689137,,
937,happy,356,479.0,326,3.400682927,1.0,4.400682927,,
368,neutral,357,481.0,384,4.872919067,0.5,5.372919067,,
927,neutral,358,366.0,160,3.961437102,0.5,4.461437102,,
510,surprise,359,746.0,389,2.566379109,0.8,3.366379109,,
716,happy,360,25.0,189,1.220395863,1.0,2.220395863,,
155,sad,361,557.0,227,2.825711784,0.2,3.025711784,,
88,angry,362,649.0,339,4.81508333,0.0,4.81508333,,
729,angry,363,404.0,376,3.14174966,0.0,3.14174966,,
99,surprise,364,361.0,363,4.27905922,0.8,5.07905922,,
344,angry,365,489.0,199,1.449104549,0.0,1.449104549,,
72,happy,366,395.0,66,1.530916351,1.0,2.530916351,,
345,angry,367,195.0,326,2.771631619,0.0,2.771631619,,
679,surprise,368,655.0,221,4.560961863,0.8,5.360961863,,
101,surprise,369,299.0,236,2.719456176,0.8,3.519456176,,
421,sad,370,266.0,470,3.611588508,0.2,3.811588508,,
156,sad,371,566.0,423,3.374148795,0.2,3.574148795,,
763,angry,372,589.0,2,4.789145598,0.0,4.789145598,,
230,angry,373,344.0,7,4.74423077,0.0,4.74423077,,
332,neutral,374,38.0,119,4.930812927,0.5,5.430812927,,
302,happy,375,63.0,235,2.587227851,1.0,3.587227851,,
18,neutral,376,617.0,493,3.504282166,0.5,4.004282166,,
798,angry,377,63.0,426,4.932453224,0.0,4.932453224,,
792,angry,378,407.0,271,2.571159179,0.0,2.571159179,,
598,neutral,379,181.0,248,2.829804682,0.5,3.329804682,,
122,neutral,380,314.0,54,4.207650876,0.5,4.707650876,,
96,neutral,381,632.0,357,2.235121542,0.5,2.735121542,,
132,surprise,382,114.0,458,3.509970463,0.8,4.309970463,,
430,neutral,383,741.0,81,4.339088036,0.5,4.839088036,,
173,angry,384,730.0,287,4.108919173,0.0,4.108919173,,
58,sad,385,641.0,308,1.779711121,0.2,1.979711121,,
997,sad,386,536.0,401,1.290806117,0.2,1.490806117,,
82,surprise,387,223.0,72,1.33297239,0.8,2.13297239,,
859,happy,388,676.0,358,3.88733611,1.0,4.88733611,,
198,angry,389,621.0,233,1.800394049,0.0,1.800394049,,
307,happy,390,488.0,314,4.058911742,1.0,5.058911742,,
395,angry,391,656.0,494,1.586618728,0.0,1.586618728,,
265,neutral,392,166.0,222,3.76342105,0.5,4.26342105,,
995,surprise,393,475.0,162,4.581363267,0.8,5.381363267,,
332,neutral,394,243.0,30,1.492320467,0.5,1.992320467,,
529,angry,395,459.0,122,1.319194507,0.0,1.319194507,,
962,angry,396,329.0,478,3.535816395,0.0,3.535816395,,
590,sad,397,411.0,216,3.665228399,0.2,3.865228399,,
168,sad,398,406.0,483,3.763368065,0.2,3.963368065,,
410,happy,399,197.0,132,1.898523808,1.0,2.898523808,,
934,happy,400,128.0,113,2.933221289,1.0,3.933221289,,
714,sad,401,650.0,443,3.144240609,0.2,3.344240609,,
147,angry,402,757.0,302,1.276981892,0.0,1.276981892,,
690,sad,403,81.0,169,4.266146945,0.2,4.466146945,,
899,sad,404,331.0,392,3.657307044,0.2,3.857307044,,
557,sad,405,458.0,320,4.297024853,0.2,4.497024853,,
470,happy,406,256.0,320,4.981311553,1.0,5.981311553,,
60,sad,407,345.0,36,4.536701497,0.2,4.736701497,,
70,neutral,408,456.0,413,4.779830782,0.5,5.279830782,,
320,neutral,409,734.0,145,4.308222178,0.5,4.808222178,,
888,neutral,410,692.0,334,3.280341959,0.5,3.780341959,,
435,happy,411,462.0,106,2.997437768,1.0,3.997437768,,
368,neutral,412,369.0,261,2.024183992,0.5,2.524183992,,
225,happy,413,30.0,391,4.944479494,1.0,5.944479494,,
865,angry,414,197.0,378,1.711299477,0.0,1.711299477,,
579,happy,415,577.0,296,1.399221165,1.0,2.399221165,,
524,angry,416,618.0,91,1.144856597,0.0,1.144856597,,
993,angry,417,743.0,338,3.770827091,0.0,3.770827091,,
368,neutral,418,315.0,450,3.445987943,0.5,3.945987943,,
889,angry,419,775.0,292,2.905224051,0.0,2.905224051,,
922,happy,420,669.0,424,4.723881139,1.0,5.723881139,,
775,happy,421,21.0,291,2.139910925,1.0,3.139910925,,
118,happy,422,494.0,267,1.442588656,1.0,2.442588656,,
534,happy,423,577.0,363,4.079836496,1.0,5.079836496,,
652,surprise,424,648.0,239,2.033237734,0.8,2.833237734,,
801,neutral,425,556.0,27,2.913676537,0.5,3.413676537,,
38,surprise,426,60.0,405,1.666559841,0.8,2.466559841,,
287,surprise,427,152.0,94,2.435256945,0.8,3.235256945,,
747,neutral,428,633.0,147,3.582817944,0.5,4.082817944,,
570,sad,429,22.0,316,1.548010077,0.2,1.748010077,,
949,sad,430,99.0,181,2.968770241,0.2,3.168770241,,
952,sad,431,600.0,283,2.148626803,0.2,2.348626803,,
100,neutral,432,435.0,487,4.546298455,0.5,5.046298455,,
306,surprise,433,698.0,291,2.856158728,0.8,3.656158728,,
838,angry,434,611.0,463,2.390134013,0.0,2.390134013,,
238,neutral,435,416.0,462,2.539143681,0.5,3.039143681,,
902,sad,436,293.0,404,2.822463522,0.2,3.022463522,,
970,angry,437,663.0,232,3.883522783,0.0,3.883522783,,
552,surprise,438,545.0,476,1.689186098,0.8,2.489186098,,
474,happy,439,676.0,186,1.443998805,1.0,2.443998805,,
360,surprise,440,310.0,312,4.336735855,0.8,5.136735855,,
501,surprise,441,565.0,471,1.20389065,0.8,2.00389065,,
181,angry,442,390.0,81,3.749075817,0.0,3.749075817,,
990,happy,443,215.0,75,3.902153637,1.0,4.902153637,,
862,sad,444,130.0,353,2.024147336,0.2,2.224147336,,
71,neutral,445,289.0,381,4.589698368,0.5,5.089698368,,
452,sad,446,161.0,33,2.235916365,0.2,2.435916365,,
282,surprise,447,610.0,48,3.68652163,0.8,4.48652163,,
606,surprise,448,134.0,205,3.034818809,0.8,3.834818809,,
840,angry,449,656.0,250,4.973419126,0.0,4.973419126,,
8,sad,450,271.0,424,3.51478594,0.2,3.71478594,,
861,surprise,451,661.0,228,3.155868442,0.8,3.955868442,,
234,sad,452,88.0,225,2.784327851,0.2,2.984327851,,
313,happy,453,589.0,300,2.371251652,1.0,3.371251652,,
814,happy,454,213.0,379,2.325643593,1.0,3.325643593,,
287,surprise,455,706.0,104,1.591237767,0.8,2.391237767,,
563,neutral,456,499.0,182,2.048498735,0.5,2.548498735,,
77,surprise,457,556.0,193,3.791340149,0.8,4.591340149,,
553,sad,458,371.0,0,2.687277005,0.2,2.887277005,,
17,neutral,459,272.0,371,1.498817227,0.5,1.998817227,,
171,surprise,460,644.0,480,2.921884092,0.8,3.721884092,,
996,surprise,461,208.0,302,4.532512542,0.8,5.332512542,,
674,angry,462,421.0,90,4.80528127,0.0,4.80528127,,
755,angry,463,276.0,238,2.19241723,0.0,2.19241723,,
630,angry,464,686.0,152,4.878655313,0.0,4.878655313,,
997,sad,465,472.0,198,2.448132007,0.2,2.648132007,,
886,neutral,466,742.0,399,1.434512348,0.5,1.934512348,,
102,angry,467,89.0,498,2.448284342,0.0,2.448284342,,
682,neutral,468,435.0,188,2.004813085,0.5,2.504813085,,
91,surprise,469,60.0,451,4.898645519,0.8,5.698645519,,
520,sad,470,266.0,52,2.856023021,0.2,3.056023021,,
221,neutral,471,326.0,239,2.242120907,0.5,2.742120907,,
891,sad,472,435.0,478,1.470306021,0.2,1.670306021,,
131,neutral,473,307.0,355,1.591319376,0.5,2.091319376,,
104,surprise,474,366.0,151,3.584577839,0.8,4.384577839,,
902,sad,475,620.0,301,4.047693115,0.2,4.247693115,,
179,angry,476,675.0,25,2.20269962,0.0,2.20269962,,
73,sad,477,642.0,431,2.377200915,0.2,2.577200915,,
64,happy,478,462.0,90,4.879846751,1.0,5.879846751,,
302,happy,479,14.0,110,3.361774822,1.0,4.361774822,,
794,angry,480,483.0,439,3.368907634,0.0,3.368907634,,
466,neutral,481,167.0,337,4.540462022,0.5,5.040462022,,
185,surprise,482,216.0,109,3.810989149,0.8,4.610989149,,
902,sad,483,435.0,185,1.496036899,0.2,1.696036899,,
181,angry,484,616.0,315,1.522451973,0.0,1.522451973,,
223,sad,485,763.0,281,2.403677455,0.2,2.603677455,,
125,angry,486,531.0,53,2.093272953,0.0,2.093272953,,
146,surprise,487,71.0,287,2.24445313,0.8,3.04445313,,
510,surprise,488,502.0,259,3.376662901,0.8,4.176662901,,
881,happy,489,515.0,101,4.376430652,1.0,5.376430652,,
188,neutral,490,434.0,382,3.07558432,0.5,3.57558432,,
864,surprise,491,581.0,498,3.46562798,0.8,4.26562798,,
29,surprise,492,714.0,457,1.967861654,0.8,2.767861654,,
40,neutral,493,202.0,35,3.963222028,0.5,4.463222028,,
346,surprise,494,611.0,365,1.810057379,0.8,2.610057379,,
307,happy,495,780.0,332,3.39499393,1.0,4.39499393,,
237,happy,496,82.0,154,4.536008887,1.0,5.536008887,,
271,surprise,497,714.0,297,1.464518997,0.8,2.264518997,,
701,angry,498,223.0,269,1.91629273,0.0,1.91629273,,
642,happy,499,345.0,0,3.883251381,1.0,4.883251381,,
701,angry,500,282.0,49,2.625822984,0.0,2.625822984,,
321,happy,501,585.0,181,4.43455899,1.0,5.43455899,,
286,surprise,502,401.0,498,3.356461487,0.8,4.156461487,,
509,angry,503,747.0,339,2.747500984,0.0,2.747500984,,
422,surprise,504,11.0,64,4.806781356,0.8,5.606781356,,
609,surprise,505,541.0,114,4.606865352,0.8,5.406865352,,
673,happy,506,7.0,100,3.58856944,1.0,4.58856944,,
490,angry,507,178.0,395,1.422253062,0.0,1.422253062,,
541,neutral,508,515.0,381,3.249153164,0.5,3.749153164,,
961,surprise,509,645.0,487,4.750989363,0.8,5.550989363,,
816,neutral,510,71.0,396,4.566771056,0.5,5.066771056,,
877,neutral,511,454.0,154,1.032019463,0.5,1.532019463,,
488,sad,512,175.0,362,1.460190941,0.2,1.660190941,,
915,surprise,513,298.0,463,2.651218342,0.8,3.451218342,,
235,angry,514,86.0,287,1.838014136,0.0,1.838014136,,
81,neutral,515,452.0,426,1.267310533,0.5,1.767310533,,
918,angry,516,192.0,130,4.598241076,0.0,4.598241076,,
230,angry,517,13.0,21,4.313054666,0.0,4.313054666,,
135,angry,518,288.0,56,1.69791093,0.0,1.69791093,,
896,angry,519,687.0,64,2.948645625,0.0,2.948645625,,
109,sad,520,442.0,222,4.46356183,0.2,4.66356183,,
502,angry,521,282.0,382,1.871085556,0.0,1.871085556,,
177,sad,522,511.0,325,1.488519074,0.2,1.688519074,,
271,surprise,523,112.0,64,3.122770034,0.8,3.922770034,,
338,surprise,524,731.0,98,2.752669081,0.8,3.552669081,,
441,happy,525,441.0,405,1.841420328,1.0,2.841420328,,
110,surprise,526,709.0,21,3.760413238,0.8,4.560413238,,
792,angry,527,470.0,405,3.83151423,0.0,3.83151423,,
23,neutral,528,722.0,360,1.909777628,0.5,2.409777628,,
126,surprise,529,698.0,460,1.424118531,0.8,2.224118531,,
27,happy,530,306.0,215,4.523384043,1.0,5.523384043,,
860,surprise,531,438.0,125,3.558608967,0.8,4.358608967,,
959,surprise,532,337.0,123,2.407123205,0.8,3.207123205,,
666,happy,533,568.0,480,3.449215479,1.0,4.449215479,,
598,neutral,534,231.0,297,4.091069889,0.5,4.591069889,,
591,surprise,535,377.0,263,4.431000942,0.8,5.231000942,,
525,sad,536,584.0,244,1.055506252,0.2,1.255506252,,
617,happy,537,489.0,499,1.859668257,1.0,2.859668257,,
59,neutral,538,221.0,451,2.000607689,0.5,2.500607689,,
342,neutral,539,155.0,302,3.487683175,0.5,3.987683175,,
268,surprise,540,68.0,233,2.715199655,0.8,3.515199655,,
519,neutral,541,470.0,427,3.063201709,0.5,3.563201709,,
138,angry,542,447.0,47,2.46060468,0.0,2.46060468,,
987,happy,543,573.0,228,2.494232855,1.0,3.494232855,,
515,happy,544,476.0,455,4.031259558,1.0,5.031259558,,
495,happy,545,351.0,339,1.391643522,1.0,2.391643522,,
949,sad,546,701.0,22,2.244064167,0.2,2.444064167,,
58,sad,547,65.0,364,2.86161157,0.2,3.06161157,,
132,surprise,548,487.0,272,4.769140926,0.8,5.569140926,,
775,happy,549,56.0,254,1.538395717,1.0,2.538395717,,
728,surprise,550,344.0,231,2.556378269,0.8,3.356378269,,
810,neutral,551,504.0,469,1.809954207,0.5,2.309954207,,
363,neutral,552,139.0,450,1.248008663,0.5,1.748008663,,
357,happy,553,252.0,326,4.653569689,1.0,5.653569689,,
725,happy,554,455.0,18,3.826627657,1.0,4.826627657,,
817,angry,555,428.0,437,4.443664236,0.0,4.443664236,,
901,sad,556,448.0,43,2.119781465,0.2,2.319781465,,
479,angry,557,765.0,295,3.578985962,0.0,3.578985962,,
611,happy,558,195.0,76,2.35291322,1.0,3.35291322,,
199,angry,559,18.0,10,3.917037947,0.0,3.917037947,,
978,angry,560,636.0,159,4.001975998,0.0,4.001975998,,
78,angry,561,160.0,44,4.878097652,0.0,4.878097652,,
775,happy,562,132.0,240,4.886576885,1.0,5.886576885,,
623,surprise,563,331.0,116,1.376066643,0.8,2.176066643,,
820,surprise,564,440.0,404,2.827151498,0.8,3.627151498,,
880,neutral,565,500.0,68,3.916993183,0.5,4.416993183,,
422,surprise,566,717.0,92,4.245628315,0.8,5.045628315,,
433,neutral,567,21.0,180,3.414225732,0.5,3.914225732,,
262,happy,568,618.0,112,2.699984837,1.0,3.699984837,,
626,angry,569,415.0,138,1.03671583,0.0,1.03671583,,
978,angry,570,266.0,248,1.781251347,0.0,1.781251347,,
321,happy,571,462.0,421,4.415303419,1.0,5.415303419,,
606,surprise,572,749.0,428,2.46104606,0.8,3.26104606,,
641,happy,573,308.0,246,2.534350786,1.0,3.534350786,,
764,sad,574,764.0,277,2.265108897,0.2,2.465108897,,
699,sad,575,150.0,303,1.597816428,0.2,1.797816428,,
932,angry,576,547.0,494,4.931365384,0.0,4.931365384,,
472,angry,577,517.0,75,4.48712155,0.0,4.48712155,,
938,sad,578,439.0,228,1.279498321,0.2,1.479498321,,
161,angry,579,376.0,259,2.792797838,0.0,2.792797838,,
38,surprise,580,465.0,269,1.949179907,0.8,2.749179907,,
983,surprise,581,166.0,64,1.934715047,0.8,2.734715047,,
788,angry,582,290.0,370,1.808599699,0.0,1.808599699,,
213,surprise,583,584.0,386,4.842010969,0.8,5.642010969,,
648,angry,584,121.0,134,4.901701627,0.0,4.901701627,,
256,neutral,585,214.0,225,1.362252161,0.5,1.862252161,,
435,happy,586,322.0,408,3.700325312,1.0,4.700325312,,
804,neutral,587,412.0,249,4.197223674,0.5,4.697223674,,
513,angry,588,297.0,302,3.924907188,0.0,3.924907188,,
147,angry,589,744.0,175,1.393983403,0.0,1.393983403,,
966,surprise,590,535.0,265,4.840991208,0.8,5.640991208,,
333,angry,591,786.0,492,1.893962603,0.0,1.893962603,,
216,surprise,592,507.0,226,3.205033192,0.8,4.005033192,,
396,surprise,593,385.0,60,1.526501427,0.8,2.326501427,,
386,neutral,594,668.0,339,4.548458396,0.5,5.048458396,,
313,happy,595,280.0,481,1.317510139,1.0,2.317510139,,
74,happy,596,138.0,291,2.188496994,1.0,3.188496994,,
538,happy,597,43.0,37,3.017348773,1.0,4.017348773,,
527,happy,598,726.0,109,3.339801116,1.0,4.339801116,,
219,happy,599,54.0,152,4.664933963,1.0,5.664933963,,
174,neutral,600,499.0,462,2.682166313,0.5,3.182166313,,
70,neutral,601,295.0,441,4.989342449,0.5,5.489342449,,
500,happy,602,413.0,51,4.212600132,1.0,5.212600132,,
755,angry,603,546.0,409,1.277984009,0.0,1.277984009,,
275,neutral,604,102.0,63,1.274383258,0.5,1.774383258,,
876,surprise,605,335.0,43,2.074688694,0.8,2.874688694,,
67,neutral,606,301.0,350,3.29888339,0.5,3.79888339,,
144,angry,607,578.0,50,1.272354315,0.0,1.272354315,,
911,neutral,608,653.0,466,4.495950782,0.5,4.995950782,,
654,happy,609,110.0,391,1.813392485,1.0,2.813392485,,
867,happy,610,593.0,240,4.693694538,1.0,5.693694538,,
825,sad,611,715.0,441,1.073777605,0.2,1.273777605,,
45,neutral,612,111.0,10,4.646150037,0.5,5.146150037,,
58,sad,613,736.0,268,1.090528662,0.2,1.290528662,,
699,sad,614,534.0,461,1.040095796,0.2,1.240095796,,
369,angry,615,744.0,269,1.301079874,0.0,1.301079874,,
168,sad,616,326.0,499,3.490510587,0.2,3.690510587,,
831,surprise,617,566.0,14,3.726371344,0.8,4.526371344,,
92,surprise,618,511.0,12,1.165458639,0.8,1.965458639,,
866,angry,619,479.0,9,2.314302776,0.0,2.314302776,,
285,sad,620,611.0,363,4.478085223,0.2,4.678085223,,
66,sad,621,700.0,253,1.220713221,0.2,1.420713221,,
366,neutral,622,486.0,82,2.066210466,0.5,2.566210466,,
338,surprise,623,210.0,427,3.218283551,0.8,4.018283551,,
913,sad,624,686.0,444,2.579954788,0.2,2.779954788,,
325,surprise,625,520.0,253,4.576124294,0.8,5.376124294,,
397,sad,626,236.0,126,3.837440387,0.2,4.037440387,,
923,surprise,627,226.0,179,2.457356001,0.8,3.257356001,,
657,happy,628,122.0,51,2.368011446,1.0,3.368011446,,
126,surprise,629,32.0,441,4.988649077,0.8,5.788649077,,
892,neutral,630,487.0,13,2.150387257,0.5,2.650387257,,
213,surprise,631,245.0,488,4.293680523,0.8,5.093680523,,
534,happy,632,17.0,211,1.07383563,1.0,2.07383563,,
601,neutral,633,729.0,346,3.118024552,0.5,3.618024552,,
587,neutral,634,782.0,92,3.303363429,0.5,3.803363429,,
757,surprise,635,302.0,47,1.812175229,0.8,2.612175229,,
653,surprise,636,746.0,88,4.410167992,0.8,5.210167992,,
935,happy,637,100.0,140,4.072195773,1.0,5.072195773,,
165,happy,638,96.0,122,1.661635549,1.0,2.661635549,,
785,sad,639,111.0,65,3.511738131,0.2,3.711738131,,
456,neutral,640,548.0,351,1.756178737,0.5,2.256178737,,
291,sad,641,34.0,229,1.192555882,0.2,1.392555882,,
32,sad,642,757.0,75,4.729426264,0.2,4.929426264,,
528,angry,643,295.0,392,1.153008526,0.0,1.153008526,,
945,happy,644,273.0,267,4.588275636,1.0,5.588275636,,
852,happy,645,546.0,169,3.282161105,1.0,4.282161105,,
338,surprise,646,782.0,463,2.116605182,0.8,2.916605182,,
105,happy,647,471.0,146,3.962610923,1.0,4.962610923,,
186,sad,648,768.0,87,1.925587661,0.2,2.125587661,,
837,angry,649,798.0,121,3.390911343,0.0,3.390911343,,
851,neutral,650,95.0,127,2.534392251,0.5,3.034392251,,
797,angry,651,423.0,121,4.526052456,0.0,4.526052456,,
268,surprise,652,617.0,386,2.58568921,0.8,3.38568921,,
598,neutral,653,704.0,104,2.023843244,0.5,2.523843244,,
224,surprise,654,229.0,439,3.77501125,0.8,4.57501125,,
398,happy,655,371.0,241,4.281952794,1.0,5.281952794,,
940,surprise,656,436.0,178,1.963049027,0.8,2.763049027,,
42,surprise,657,633.0,487,1.949902043,0.8,2.749902043,,
931,happy,658,594.0,497,4.313437117,1.0,5.313437117,,
806,surprise,659,216.0,420,1.424677626,0.8,2.224677626,,
544,surprise,660,496.0,293,1.617381864,0.8,2.417381864,,
316,neutral,661,16.0,229,3.397441497,0.5,3.897441497,,
108,angry,662,455.0,42,3.925023122,0.0,3.925023122,,
666,happy,663,34.0,62,4.714457566,1.0,5.714457566,,
288,surprise,664,651.0,414,1.797986305,0.8,2.597986305,,
724,neutral,665,274.0,464,4.975234983,0.5,5.475234983,,
351,angry,666,337.0,497,2.604644358,0.0,2.604644358,,
244,neutral,667,682.0,231,4.390609386,0.5,4.890609386,,
585,sad,668,274.0,252,3.424970724,0.2,3.624970724,,
597,angry,669,47.0,472,2.744917769,0.0,2.744917769,,
832,happy,670,730.0,180,2.409531534,1.0,3.409531534,,
224,surprise,671,748.0,239,3.387009672,0.8,4.187009672,,
300,neutral,672,513.0,421,1.652452233,0.5,2.152452233,,
520,sad,673,627.0,252,1.601825292,0.2,1.801825292,,
906,surprise,674,62.0,182,1.181176762,0.8,1.981176762,,
290,surprise,675,645.0,361,3.700265545,0.8,4.500265545,,
496,neutral,676,706.0,273,4.373534713,0.5,4.873534713,,
770,happy,677,104.0,11,1.298135342,1.0,2.298135342,,
707,neutral,678,620.0,305,1.296077288,0.5,1.796077288,,
568,sad,679,123.0,288,3.881829873,0.2,4.081829873,,
366,neutral,680,44.0,483,4.504137736,0.5,5.004137736,,
674,angry,681,141.0,363,4.279951584,0.0,4.279951584,,
31,sad,682,315.0,270,4.986997684,0.2,5.186997684,,
711,surprise,683,758.0,135,2.434229804,0.8,3.234229804,,
55,sad,684,206.0,52,4.18545381,0.2,4.38545381,,
556,neutral,685,614.0,37,4.008220224,0.5,4.508220224,,
493,surprise,686,288.0,54,4.783361963,0.8,5.583361963,,
785,sad,687,322.0,485,1.253585701,0.2,1.453585701,,
583,angry,688,308.0,228,1.286756688,0.0,1.286756688,,
226,surprise,689,487.0,434,2.459840793,0.8,3.259840793,,
56,sad,690,314.0,320,2.842524231,0.2,3.042524231,,
418,neutral,691,286.0,101,2.45458342,0.5,2.95458342,,
314,neutral,692,345.0,92,1.257527411,0.5,1.757527411,,
154,angry,693,23.0,262,2.185225703,0.0,2.185225703,,
880,neutral,694,776.0,489,2.364861806,0.5,2.864861806,,
601,neutral,695,394.0,360,3.665348196,0.5,4.165348196,,
307,happy,696,643.0,96,4.818095938,1.0,5.818095938,,
549,sad,697,227.0,230,2.044219515,0.2,2.244219515,,
127,angry,698,392.0,464,4.302666218,0.0,4.302666218,,
750,happy,699,570.0,413,4.645086563,1.0,5.645086563,,
939,angry,700,562.0,441,4.565782214,0.0,4.565782214,,
32,sad,701,510.0,79,4.878097347,0.2,5.078097347,,
989,sad,702,236.0,142,1.272159876,0.2,1.472159876,,
326,angry,703,494.0,276,3.582174166,0.0,3.582174166,,
405,sad,704,403.0,229,2.281999432,0.2,2.481999432,,
478,angry,705,216.0,34,1.313960041,0.0,1.313960041,,
619,happy,706,691.0,249,4.899251884,1.0,5.899251884,,
772,angry,707,606.0,273,3.315245492,0.0,3.315245492,,
113,sad,708,187.0,82,2.700281236,0.2,2.900281236,,
733,angry,709,572.0,326,4.933063974,0.0,4.933063974,,
856,neutral,710,776.0,228,4.763338957,0.5,5.263338957,,
37,angry,711,410.0,254,1.725302202,0.0,1.725302202,,
298,happy,712,23.0,364,2.863736195,1.0,3.863736195,,
243,happy,713,463.0,172,4.570258501,1.0,5.570258501,,
409,angry,714,607.0,319,2.220978501,0.0,2.220978501,,
805,angry,715,772.0,205,4.298280952,0.0,4.298280952,,
12,sad,716,346.0,265,2.175744947,0.2,2.375744947,,
426,angry,717,651.0,268,3.466560225,0.0,3.466560225,,
807,sad,718,42.0,151,2.292288427,0.2,2.492288427,,
952,sad,719,73.0,35,3.308945183,0.2,3.508945183,,
80,surprise,720,339.0,7,4.358070542,0.8,5.158070542,,
653,surprise,721,600.0,216,3.464829178,0.8,4.264829178,,
214,angry,722,74.0,96,3.010414042,0.0,3.010414042,,
37,angry,723,215.0,396,2.037388634,0.0,2.037388634,,
608,angry,724,534.0,91,1.690310981,0.0,1.690310981,,
482,happy,725,608.0,246,4.418003626,1.0,5.418003626,,
487,happy,726,94.0,148,1.354283188,1.0,2.354283188,,
655,neutral,727,751.0,301,2.253466983,0.5,2.753466983,,
828,neutral,728,503.0,428,1.205751811,0.5,1.705751811,,
835,neutral,729,157.0,51,3.781829557,0.5,4.281829557,,
312,sad,730,284.0,188,4.060118284,0.2,4.260118284,,
679,surprise,731,308.0,263,2.796109839,0.8,3.596109839,,
895,neutral,732,368.0,27,4.118439358,0.5,4.618439358,,
347,surprise,733,8.0,156,1.09012898,0.8,1.89012898,,
332,neutral,734,130.0,40,4.529665466,0.5,5.029665466,,
706,surprise,735,189.0,225,1.278531032,0.8,2.078531032,,
756,neutral,736,238.0,330,2.378158031,0.5,2.878158031,,
273,neutral,737,292.0,314,1.254815758,0.5,1.754815758,,
765,surprise,738,439.0,386,4.508038165,0.8,5.308038165,,
960,angry,739,656.0,82,2.269090832,0.0,2.269090832,,
81,neutral,740,613.0,381,2.73917144,0.5,3.23917144,,
129,angry,741,603.0,487,4.145203334,0.0,4.145203334,,
813,happy,742,196.0,378,2.62106474,1.0,3.62106474,,
497,happy,743,175.0,200,1.458192461,1.0,2.458192461,,
937,happy,744,343.0,443,3.924234776,1.0,4.924234776,,
207,neutral,745,455.0,152,3.340658372,0.5,3.840658372,,
939,angry,746,601.0,119,4.507764871,0.0,4.507764871,,
530,angry,747,680.0,262,4.00460283,0.0,4.00460283,,
943,neutral,748,23.0,411,1.648809467,0.5,2.148809467,,
718,sad,749,587.0,340,4.158513978,0.2,4.358513978,,
854,angry,750,120.0,268,4.229906183,0.0,4.229906183,,
422,surprise,751,397.0,237,1.293480186,0.8,2.093480186,,
295,neutral,752,262.0,312,3.225915065,0.5,3.725915065,,
526,happy,753,203.0,211,2.324394886,1.0,3.324394886,,
823,sad,754,88.0,249,3.244111895,0.2,3.444111895,,
894,sad,755,231.0,191,2.362981041,0.2,2.562981041,,
852,happy,756,339.0,244,4.196276572,1.0,5.196276572,,
593,happy,757,491.0,26,1.41649137,1.0,2.41649137,,
374,surprise,758,192.0,143,4.402525791,0.8,5.202525791,,
958,neutral,759,82.0,140,2.297850433,0.5,2.797850433,,
495,happy,760,170.0,490,1.949951236,1.0,2.949951236,,
56,sad,761,406.0,197,1.916240614,0.2,2.116240614,,
791,happy,762,709.0,399,1.747929274,1.0,2.747929274,,
141,neutral,763,468.0,323,1.228421833,0.5,1.728421833,,
329,happy,764,541.0,468,1.34930516,1.0,2.34930516,,
595,sad,765,545.0,63,3.197974519,0.2,3.397974519,,
689,angry,766,431.0,492,2.692960752,0.0,2.692960752,,
287,surprise,767,198.0,108,2.054748314,0.8,2.854748314,,
79,neutral,768,117.0,26,1.59338658,0.5,2.09338658,,
622,surprise,769,687.0,322,2.149247672,0.8,2.949247672,,
314,neutral,770,306.0,395,4.290946593,0.5,4.790946593,,
793,surprise,771,124.0,90,2.429493096,0.8,3.229493096,,
780,surprise,772,250.0,161,1.521208599,0.8,2.321208599,,
410,happy,773,364.0,93,3.50993648,1.0,4.50993648,,
443,neutral,774,631.0,312,4.641074275,0.5,5.141074275,,
913,sad,775,446.0,217,3.9174208,0.2,4.1174208,,
553,sad,776,251.0,96,1.578127302,0.2,1.778127302,,
190,neutral,777,745.0,77,3.240951684,0.5,3.740951684,,
786,surprise,778,563.0,105,2.572378038,0.8,3.372378038,,
769,sad,779,86.0,379,3.365447859,0.2,3.565447859,,
450,angry,780,206.0,121,4.84176026,0.0,4.84176026,,
292,neutral,781,714.0,323,3.899549786,0.5,4.399549786,,
561,surprise,782,162.0,420,1.056959903,0.8,1.856959903,,
587,neutral,783,535.0,300,2.718273615,0.5,3.218273615,,
434,surprise,784,53.0,377,1.299138509,0.8,2.099138509,,
659,surprise,785,33.0,348,3.991133498,0.8,4.791133498,,
825,sad,786,223.0,410,2.397823125,0.2,2.597823125,,
203,sad,787,403.0,56,4.168521426,0.2,4.368521426,,
241,happy,788,732.0,485,1.851848249,1.0,2.851848249,,
280,sad,789,615.0,494,1.242105645,0.2,1.442105645,,
510,surprise,790,36.0,327,3.147016182,0.8,3.947016182,,
682,neutral,791,90.0,340,3.016522894,0.5,3.516522894,,
654,happy,792,91.0,322,1.242686278,1.0,2.242686278,,
978,angry,793,209.0,146,2.726322411,0.0,2.726322411,,
640,sad,794,405.0,254,1.4698514,0.2,1.6698514,,
883,surprise,795,401.0,81,4.421943173,0.8,5.221943173,,
43,surprise,796,135.0,347,4.372543412,0.8,5.172543412,,
41,happy,797,440.0,76,1.237746548,1.0,2.237746548,,
282,surprise,798,436.0,86,3.222915084,0.8,4.022915084,,
484,surprise,799,743.0,442,3.794498267,0.8,4.594498267,,
792,angry,800,715.0,242,1.607216314,0.0,1.607216314,,
889,angry,801,569.0,333,4.825842633,0.0,4.825842633,,
66,sad,802,637.0,224,4.261787688,0.2,4.461787688,,
580,neutral,803,42.0,23,2.436152091,0.5,2.936152091,,
897,happy,804,556.0,308,3.9570415,1.0,4.9570415,,
163,surprise,805,31.0,461,3.450795617,0.8,4.250795617,,
892,neutral,806,90.0,338,4.624549642,0.5,5.124549642,,
291,sad,807,440.0,50,2.810795779,0.2,3.010795779,,
675,surprise,808,227.0,384,4.414750326,0.8,5.214750326,,
552,surprise,809,56.0,22,3.165272479,0.8,3.965272479,,
178,neutral,810,246.0,368,4.231716584,0.5,4.731716584,,
164,sad,811,756.0,163,2.830249277,0.2,3.030249277,,
859,happy,812,793.0,306,4.437866211,1.0,5.437866211,,
596,happy,813,231.0,70,1.54370427,1.0,2.54370427,,
326,angry,814,522.0,245,1.45676811,0.0,1.45676811,,
123,happy,815,542.0,128,3.619394813,1.0,4.619394813,,
788,angry,816,425.0,29,1.688523607,0.0,1.688523607,,
842,angry,817,181.0,2,3.890485111,0.0,3.890485111,,
546,neutral,818,66.0,142,4.311996677,0.5,4.811996677,,
928,surprise,819,428.0,141,3.90326693,0.8,4.70326693,,
157,surprise,820,579.0,490,3.082651656,0.8,3.882651656,,
127,angry,821,783.0,473,3.046399591,0.0,3.046399591,,
346,surprise,822,46.0,268,3.444961033,0.8,4.244961033,,
791,happy,823,540.0,347,4.107515869,1.0,5.107515869,,
309,surprise,824,6.0,390,3.311922208,0.8,4.111922208,,
308,surprise,825,254.0,329,3.326391766,0.8,4.126391766,,
550,sad,826,155.0,163,3.316816963,0.2,3.516816963,,
692,sad,827,115.0,122,1.659410794,0.2,1.859410794,,
251,happy,828,468.0,432,1.469242321,1.0,2.469242321,,
778,angry,829,312.0,422,2.265410596,0.0,2.265410596,,
394,sad,830,190.0,463,1.767419902,0.2,1.967419902,,
347,surprise,831,136.0,303,2.377534037,0.8,3.177534037,,
465,surprise,832,757.0,110,1.010463367,0.8,1.810463367,,
396,surprise,833,8.0,449,4.196568795,0.8,4.996568795,,
343,neutral,834,545.0,49,4.048783401,0.5,4.548783401,,
334,sad,835,497.0,61,3.799298827,0.2,3.999298827,,
50,surprise,836,233.0,318,2.73356749,0.8,3.53356749,,
43,surprise,837,563.0,163,2.867528067,0.8,3.667528067,,
924,happy,838,343.0,91,2.341178293,1.0,3.341178293,,
685,happy,839,678.0,376,4.240494801,1.0,5.240494801,,
217,neutral,840,459.0,288,4.689880482,0.5,5.189880482,,
231,happy,841,571.0,272,4.925073588,1.0,5.925073588,,
925,surprise,842,97.0,244,3.998715456,0.8,4.798715456,,
362,angry,843,459.0,321,3.878042445,0.0,3.878042445,,
235,angry,844,682.0,29,1.217852208,0.0,1.217852208,,
60,sad,845,95.0,267,4.792791582,0.2,4.992791582,,
883,surprise,846,1.0,0,3.817764578,0.8,4.617764578,,
580,neutral,847,381.0,214,2.428911468,0.5,2.928911468,,
18,neutral,848,44.0,346,2.782575851,0.5,3.282575851,,
309,surprise,849,315.0,1,1.296468681,0.8,2.096468681,,
380,surprise,850,180.0,374,2.115732303,0.8,2.915732303,,
910,happy,851,678.0,206,4.036195517,1.0,5.036195517,,
907,surprise,852,283.0,393,4.842855786,0.8,5.642855786,,
665,angry,853,524.0,324,3.210188215,0.0,3.210188215,,
453,happy,854,151.0,176,3.826862369,1.0,4.826862369,,
63,happy,855,88.0,489,4.286685147,1.0,5.286685147,,
76,neutral,856,281.0,55,1.959002186,0.5,2.459002186,,
590,sad,857,264.0,226,1.057426667,0.2,1.257426667,,
321,happy,858,414.0,66,3.525977617,1.0,4.525977617,,
371,happy,859,182.0,500,2.420582433,1.0,3.420582433,,
741,angry,860,654.0,176,1.346362369,0.0,1.346362369,,
248,surprise,861,609.0,103,2.829853807,0.8,3.629853807,,
148,angry,862,759.0,19,4.254980251,0.0,4.254980251,,
308,surprise,863,460.0,70,4.350751878,0.8,5.150751878,,
696,happy,864,239.0,43,3.655018842,1.0,4.655018842,,
402,surprise,865,356.0,154,1.985317274,0.8,2.785317274,,
685,happy,866,150.0,67,1.162345862,1.0,2.162345862,,
481,neutral,867,715.0,436,1.755848594,0.5,2.255848594,,
147,angry,868,70.0,463,4.664205034,0.0,4.664205034,,
671,neutral,869,372.0,191,2.569554388,0.5,3.069554388,,
892,neutral,870,490.0,161,3.351118896,0.5,3.851118896,,
685,happy,871,299.0,27,2.962141299,1.0,3.962141299,,
994,happy,872,186.0,398,2.936891254,1.0,3.936891254,,
884,happy,873,258.0,65,3.327216232,1.0,4.327216232,,
241,happy,874,327.0,0,2.073727335,1.0,3.073727335,,
681,sad,875,39.0,461,3.489030232,0.2,3.689030232,,
658,surprise,876,7.0,276,1.835460482,0.8,2.635460482,,
286,surprise,877,677.0,352,1.577274736,0.8,2.377274736,,
197,happy,878,452.0,197,2.628993788,1.0,3.628993788,,
689,angry,879,17.0,284,4.059476126,0.0,4.059476126,,
790,happy,880,762.0,87,2.748268193,1.0,3.748268193,,
361,happy,881,167.0,323,1.619124906,1.0,2.619124906,,
146,surprise,882,576.0,101,1.258946402,0.8,2.058946402,,
37,angry,883,731.0,29,3.744432088,0.0,3.744432088,,
4,happy,884,675.0,311,2.059573356,1.0,3.059573356,,
969,neutral,885,307.0,19,1.271878083,0.5,1.771878083,,
441,happy,886,389.0,161,1.897524564,1.0,2.897524564,,
556,neutral,887,41.0,231,3.15255865,0.5,3.65255865,,
629,angry,888,603.0,128,2.150548776,0.0,2.150548776,,
492,happy,889,323.0,205,2.672008597,1.0,3.672008597,,
417,sad,890,275.0,478,4.793153685,0.2,4.993153685,,
126,surprise,891,406.0,332,4.916903786,0.8,5.716903786,,
37,angry,892,491.0,331,3.969033776,0.0,3.969033776,,
793,surprise,893,182.0,176,2.676260236,0.8,3.476260236,,
474,happy,894,106.0,366,4.705842675,1.0,5.705842675,,
261,angry,895,641.0,228,4.16297501,0.0,4.16297501,,
357,happy,896,358.0,306,4.416700292,1.0,5.416700292,,
820,surprise,897,527.0,291,4.351937384,0.8,5.151937384,,
733,angry,898,678.0,98,3.768172641,0.0,3.768172641,,
15,happy,899,186.0,412,3.940430176,1.0,4.940430176,,
968,angry,900,228.0,405,3.85682088,0.0,3.85682088,,
22,angry,901,722.0,11,1.443764014,0.0,1.443764014,,
951,neutral,902,200.0,108,1.628085636,0.5,2.128085636,,
199,angry,903,736.0,154,3.630475232,0.0,3.630475232,,
759,surprise,904,682.0,22,1.393704289,0.8,2.193704289,,
415,surprise,905,479.0,276,3.830464526,0.8,4.630464526,,
50,surprise,906,200.0,70,1.626727548,0.8,2.426727548,,
708,angry,907,94.0,498,1.46888106,0.0,1.46888106,,
880,neutral,908,602.0,187,1.619207938,0.5,2.119207938,,
225,happy,909,64.0,15,3.938071058,1.0,4.938071058,,
952,sad,910,300.0,361,3.587098457,0.2,3.787098457,,
909,sad,911,578.0,264,2.53136001,0.2,2.73136001,,
519,neutral,912,466.0,105,1.070545663,0.5,1.570545663,,
866,angry,913,614.0,335,1.432846522,0.0,1.432846522,,
346,surprise,914,57.0,278,3.261527494,0.8,4.061527494,,
126,surprise,915,230.0,455,2.703262928,0.8,3.503262928,,
103,angry,916,300.0,245,4.85662859,0.0,4.85662859,,
359,neutral,917,378.0,90,4.384899939,0.5,4.884899939,,
428,angry,918,39.0,280,1.422865317,0.0,1.422865317,,
735,angry,919,621.0,378,2.962851504,0.0,2.962851504,,
387,angry,920,552.0,167,2.59724078,0.0,2.59724078,,
710,sad,921,97.0,391,4.300201815,0.2,4.500201815,,
809,neutral,922,108.0,499,2.218767361,0.5,2.718767361,,
620,surprise,923,545.0,56,1.792359666,0.8,2.592359666,,
814,happy,924,636.0,164,1.827787182,1.0,2.827787182,,
39,surprise,925,639.0,248,3.882976955,0.8,4.682976955,,
180,angry,926,542.0,312,2.494073333,0.0,2.494073333,,
784,sad,927,265.0,329,2.562411313,0.2,2.762411313,,
931,happy,928,653.0,228,4.648145322,1.0,5.648145322,,
272,neutral,929,37.0,401,2.621155772,0.5,3.121155772,,
923,surprise,930,27.0,87,1.63836121,0.8,2.43836121,,
321,happy,931,13.0,385,3.517032508,1.0,4.517032508,,
628,angry,932,790.0,362,2.407436077,0.0,2.407436077,,
193,sad,933,383.0,255,4.410860757,0.2,4.610860757,,
629,angry,934,572.0,114,1.575603549,0.0,1.575603549,,
229,happy,935,322.0,86,1.85734937,1.0,2.85734937,,
602,surprise,936,290.0,247,4.135112991,0.8,4.935112991,,
942,angry,937,736.0,226,3.95177583,0.0,3.95177583,,
561,surprise,938,576.0,293,3.558188224,0.8,4.358188224,,
19,sad,939,572.0,484,2.948163296,0.2,3.148163296,,
171,surprise,940,519.0,274,3.707873561,0.8,4.507873561,,
86,sad,941,376.0,270,3.718201902,0.2,3.918201902,,
917,angry,942,186.0,385,2.431369989,0.0,2.431369989,,
276,sad,943,403.0,321,4.596863136,0.2,4.796863136,,
420,sad,944,556.0,9,4.05209184,0.2,4.25209184,,
802,happy,945,769.0,178,1.666586957,1.0,2.666586957,,
304,sad,946,442.0,137,4.60702771,0.2,4.80702771,,
899,sad,947,785.0,23,2.628609035,0.2,2.828609035,,
364,sad,948,463.0,197,3.29958968,0.2,3.49958968,,
294,sad,949,587.0,364,4.98196932,0.2,5.18196932,,
970,angry,950,172.0,444,3.025757954,0.0,3.025757954,,
522,surprise,951,482.0,484,3.565704483,0.8,4.365704483,,
135,angry,952,258.0,374,3.817236048,0.0,3.817236048,,
651,surprise,953,262.0,473,4.071102896,0.8,4.871102896,,
670,sad,954,41.0,43,2.156080572,0.2,2.356080572,,
553,sad,955,569.0,203,1.999358362,0.2,2.199358362,,
508,angry,956,470.0,299,3.196631416,0.0,3.196631416,,
986,angry,957,334.0,348,4.648421287,0.0,4.648421287,,
107,neutral,958,31.0,54,1.647116845,0.5,2.147116845,,
547,angry,959,500.0,379,3.439580177,0.0,3.439580177,,
109,sad,960,344.0,403,2.042298172,0.2,2.242298172,,
174,neutral,961,371.0,80,3.263000779,0.5,3.763000779,,
109,sad,962,120.0,367,1.086839878,0.2,1.286839878,,
142,happy,963,481.0,202,3.480297962,1.0,4.480297962,,
939,angry,964,759.0,85,2.215556402,0.0,2.215556402,,
559,angry,965,468.0,111,1.902158237,0.0,1.902158237,,
196,sad,966,166.0,471,2.169054625,0.2,2.369054625,,
931,happy,967,83.0,453,3.532513256,1.0,4.532513256,,
217,neutral,968,569.0,444,1.692090632,0.5,2.192090632,,
755,angry,969,17.0,89,4.787316215,0.0,4.787316215,,
655,neutral,970,255.0,126,2.172127276,0.5,2.672127276,,
527,happy,971,717.0,196,3.458063277,1.0,4.458063277,,
939,angry,972,687.0,208,1.599046978,0.0,1.599046978,,
731,sad,973,602.0,11,3.492524418,0.2,3.692524418,,
188,neutral,974,351.0,239,1.596465686,0.5,2.096465686,,
751,neutral,975,21.0,403,3.386026965,0.5,3.886026965,,
206,surprise,976,218.0,391,1.086465353,0.8,1.886465353,,
115,sad,977,164.0,450,2.925984869,0.2,3.125984869,,
746,happy,978,139.0,492,4.642000292,1.0,5.642000292,,
794,angry,979,435.0,314,1.480332861,0.0,1.480332861,,
862,sad,980,728.0,448,4.884106921,0.2,5.084106921,,
923,surprise,981,562.0,396,4.24781264,0.8,5.04781264,,
932,angry,982,633.0,89,1.333036558,0.0,1.333036558,,
72,happy,983,348.0,173,1.254814335,1.0,2.254814335,,
911,neutral,984,663.0,486,2.410887602,0.5,2.910887602,,
395,angry,985,233.0,376,4.774141955,0.0,4.774141955,,
891,sad,986,645.0,314,4.271219312,0.2,4.471219312,,
546,neutral,987,586.0,122,3.918907098,0.5,4.418907098,,
780,surprise,988,702.0,483,1.855953788,0.8,2.655953788,,
610,surprise,989,769.0,216,4.837297243,0.8,5.637297243,,
769,sad,990,578.0,491,1.801920874,0.2,2.001920874,,
246,sad,991,56.0,242,2.766813484,0.2,2.966813484,,
50,surprise,992,782.0,344,2.625013498,0.8,3.425013498,,
112,angry,993,461.0,71,2.99078955,0.0,2.99078955,,
782,sad,994,617.0,103,1.048735503,0.2,1.248735503,,
478,angry,995,313.0,252,2.887687312,0.0,2.887687312,,
437,happy,996,239.0,171,4.638644566,1.0,5.638644566,,
710,sad,997,234.0,53,4.916721859,0.2,5.116721859,,
886,neutral,998,267.0,220,2.128318174,0.5,2.628318174,,
902,sad,999,661.0,94,2.14965199,0.2,2.34965199,,
64,happy,1000,48.0,98,2.204243525,1.0,3.204243525,,
1,happy,1001,197.0,253,5.0,1.0,6.0,1.0,A (Left)
1,neutral,1002,586.25,253,5.0,0.5,5.5,2.0,B (Right)
1,sad,1003,586.25,253,5.0,0.2,5.2,3.0,B (Right)
1,happy,1004,197.0,253,5.0,1.0,6.0,4.0,A (Left)
1,sad,1005,197.0,253,5.0,0.2,5.2,5.0,A (Left)
1,sad,1006,586.25,253,5.0,0.2,5.2,6.0,B (Right)
1,sad,1007,197.0,253,5.0,0.2,5.2,7.0,A (Left)
1,neutral,1008,586.25,253,5.0,0.5,5.5,8.0,B (Right)
1,neutral,1009,197.0,253,5.0,0.5,5.5,9.0,A (Left)
3,happy,1010,197.0,253,5.0,1.0,6.0,1.0,A (Left)
3,sad,1011,586.25,253,5.0,0.2,5.2,2.0,B (Right)
3,sad,1012,586.25,253,5.0,0.2,5.2,3.0,B (Right)
3,neutral,1013,586.25,253,5.0,0.5,5.5,4.0,B (Right)
3,neutral,1014,586.25,253,5.0,0.5,5.5,5.0,B (Right)
3,happy,1015,586.25,253,5.0,1.0,6.0,6.0,B (Right)
3,sad,1016,586.25,253,5.0,0.2,5.2,7.0,B (Right)
3,happy,1017,197.0,253,5.0,1.0,6.0,8.0,A (Left)
3,sad,1018,586.25,253,5.0,0.2,5.2,9.0,B (Right)
4,sad,1019,197.0,253,5.0,0.2,5.2,1.0,A (Left)
4,sad,1020,197.0,253,5.0,0.2,5.2,2.0,A (Left)
4,happy,1021,197.0,253,5.0,1.0,6.0,3.0,A (Left)
4,happy,1022,197.0,253,5.0,1.0,6.0,4.0,A (Left)
4,neutral,1023,406.0,253,5.0,0.5,5.5,5.0,C (Neutral)
4,neutral,1024,586.25,253,5.0,0.5,5.5,6.0,B (Right)
4,happy,1025,586.25,253,5.0,1.0,6.0,7.0,B (Right)
4,sad,1026,197.0,253,5.0,0.2,5.2,8.0,A (Left)
4,sad,1027,586.25,253,5.0,0.2,5.2,9.0,B (Right)
5,happy,1028,1357.9,291.91,3.6,0.8611111111111112,4.461111,1,B (Right)
5,neutral,1029,868.68,267.39,2.0,0.5,2.5,2,B (Right)
5,neutral,1030,5479.79,375.72,3.4,0.411764705882353,3.811765,1,NA
5,neutral,1031,2460.74,305.27,4.6,0.5,5.1,2,NA
5,neutral,1032,2783.05,314.01,4.4,0.47272727272727266,4.872727,3,NA
5,neutral,1033,2531.12,303.75,4.6,0.6304347826086957,5.230435,4,NA
5,happy,1034,2958.84,320.01,4.4,0.75,5.15,5,NA
5,happy,1035,2507.12,307.27,4.4,0.7954545454545454,5.195455,6,A (Left)
5,neutral,1036,2949.04,317.91,4.4,0.6590909090909091,5.059091,7,NA
5,neutral,1037,3242.14,327.15,4.6,0.5,5.1,8,NA
5,happy,1038,3356.85,329.65,4.6,0.8130434782608695,5.413043,9,NA
5,happy,1039,1694.6,283.86,4.4,0.8727272727272727,5.272727,10,A (Left)
5,happy,1040,2474.07,308.26,4.4,0.6863636363636363,5.086364,11,NA
5,neutral,1041,2455.46,302.24,4.4,0.4772727272727273,4.877273,12,NA
6,neutral,1042,-113.31,296.87,3.8,0.5368421052631579,4.336842,1,A (Left)
6,happy,1043,143.98,289.56,4.4,0.6272727272727273,5.027273,2,A (Left)
6,sad,1044,597.33,279.92,4.6,0.5521739130434781,5.152174,3,A (Left)
6,happy,1045,308.75,288.97,2.8,0.8499999999999999,3.65,4,A (Left)
6,neutral,1046,62.25,293.54,4.4,0.390909090909091,4.790909,5,A (Left)
6,happy,1047,27.32,271.28,3.0,0.6666666666666666,3.666667,6,A (Left)
6,neutral,1048,513.56,254.33,2.4,0.42500000000000004,2.825,8,B (Right)
6,neutral,1049,328.21,263.51,4.4,0.5,4.9,9,A (Left)
6,neutral,1050,605.06,259.6,4.6,0.3695652173913043,4.969565,10,B (Right)
6,neutral,1051,388.74,276.66,4.4,0.3272727272727273,4.727273,11,B (Right)
6,happy,1052,313.14,254.88,1.6,1.0,2.6,12,A (Left)
7,NA,1053,NA,NA,5.93,NA,9.89,Gemini_Generated_Image_1m1vgm1m1vgm1m1v (2),NA
7,NA,1054,NA,NA,6.0,NA,10.0,Gemini_Generated_Image_1m1vgm1m1vgm1m1v (1),NA
8,NA,1055,NA,NA,6.0,NA,10.0,Gemini_Generated_Image_1m1vgm1m1vgm1m1v (2),NA
8,NA,1056,NA,NA,6.0,NA,10.0,Gemini_Generated_Image_1m1vgm1m1vgm1m1v (1),NA
8,NA,1057,NA,NA,6.0,NA,10.0,Gemini_Generated_Image_1m1vgm1m1vgm1m1v (1),NA
8,NA,1058,NA,NA,6.0,NA,10.0,Gemini_Generated_Image_1m1vgm1m1vgm1m1v (2),NA
9,NA,1059,NA,NA,6.0,NA,10.0,Gemini_Generated_Image_1m1vgm1m1vgm1m1v (2),NA
9,NA,1060,NA,NA,6.0,NA,10.0,Gemini_Generated_Image_1m1vgm1m1vgm1m1v (1),NA
9,NA,1061,NA,NA,6.0,NA,10.0,Gemini_Generated_Image_1m1vgm1m1vgm1m1v (1),NA
9,NA,1062,NA,NA,3.23,NA,5.39,Gemini_Generated_Image_1m1vgm1m1vgm1m1v (2),NA
10,neutral,1063,417.09,219.37,4.84,0.5,8.06,Gemini_Generated_Image_1m1vgm1m1vgm1m1v (2),C (Neutral)
10,neutral,1064,399.21,199.47,3.77,0.5,6.29,Gemini_Generated_Image_1m1vgm1m1vgm1m1v (1),C (Neutral)
11,neutral,1065,404.86,220.54,0.22,0.5,0.37,Gemini_Generated_Image_1m1vgm1m1vgm1m1v (1),C (Neutral)
11,surprise,1066,387.95,221.93,5.12,0.8,8.54,Gemini_Generated_Image_1m1vgm1m1vgm1m1v (2),C (Neutral)
11,NA,1067,447.24,213.15,0.0,NA,0.0,Gemini_Generated_Image_1m1vgm1m1vgm1m1v (1),C (Neutral)
11,NA,1068,441.49,210.86,0.0,NA,0.0,Gemini_Generated_Image_1m1vgm1m1vgm1m1v (2),C (Neutral)
12,neutral,1069,433.58,239.46,6.0,0.5,10.0,Gemini_Generated_Image_1m1vgm1m1vgm1m1v (2),C (Neutral)
12,angry,1070,395.54,231.7,3.62,0.0,6.03,Gemini_Generated_Image_1m1vgm1m1vgm1m1v (1),C (Neutral)
10,neutral,1071,386.58,196.06,6.0,0.5,10.0,Gemini_Generated_Image_1m1vgm1m1vgm1m1v (2),C (Neutral)
10,neutral,1072,440.93,226.43,6.0,0.5,10.0,Gemini_Generated_Image_1m1vgm1m1vgm1m1v (1),C (Neutral)
12,neutral,1073,421.13,205.89,6.0,0.5,10.0,Gemini_Generated_Image_1m1vgm1m1vgm1m1v (2),C (Neutral)
12,neutral,1074,426.37,215.39,6.0,0.5,10.0,Gemini_Generated_Image_1m1vgm1m1vgm1m1v (1),C (Neutral)
12,neutral,1075,411.07,194.85,6.0,0.5,10.0,Gemini_Generated_Image_1m1vgm1m1vgm1m1v (2),C (Neutral)
12,angry,1076,430.37,221.38,6.0,0.0,10.0,Gemini_Generated_Image_1m1vgm1m1vgm1m1v (1),C (Neutral)
13,neutral,1077,426.4,222.0,6.0,0.5,10.0,Gemini_Generated_Image_1m1vgm1m1vgm1m1v (1),C (Neutral)
13,sad,1078,421.15,217.44,6.0,0.2,10.0,Gemini_Generated_Image_1m1vgm1m1vgm1m1v (2),C (Neutral)
13,sad,1079,413.53,231.97,6.0,0.2,10.0,Gemini_Generated_Image_1m1vgm1m1vgm1m1v (2),C (Neutral)
13,neutral,1080,348.18,168.49,6.0,0.5,10.0,Gemini_Generated_Image_1m1vgm1m1vgm1m1v (1),A (Left)
14,NA,1081,NA,NA,6.0,NA,10.0,7,NA
14,NA,1082,NA,NA,6.0,NA,10.0,12,NA
14,NA,1083,NA,NA,3.0,NA,5.0,10,NA
14,NA,1084,NA,NA,5.83,NA,9.72,11,NA
14,NA,1085,NA,NA,6.0,NA,10.0,13,NA
14,NA,1086,NA,NA,6.0,NA,10.0,8,NA
15,fear,1087,374.88,225.51,4.0,0.2,6.67,namkeen_1,C (Neutral)
15,fear,1088,376.24,225.27,2.74,0.2,4.57,4,C (Neutral)
15,neutral,1089,422.35,227.45,5.83,0.5,9.72,6,C (Neutral)
15,angry,1090,371.35,227.3,6.0,0.0,10.0,2,C (Neutral)
15,angry,1091,400.83,226.28,6.0,0.0,10.0,1,C (Neutral)
15,neutral,1092,419.28,237.18,6.0,0.5,10.0,3,C (Neutral)
15,happy,1093,413.62,238.62,6.0,1.0,10.0,namkeen_2,C (Neutral)
15,fear,1094,417.28,235.22,6.0,0.2,10.0,5,C (Neutral)
16,neutral,1095,NA,NA,6.0,0.5,10.0,4,NA
16,happy,1096,NA,NA,6.0,1.0,10.0,1,NA
16,sad,1097,NA,NA,6.0,0.2,10.0,6,NA
16,angry,1098,NA,NA,6.0,0.0,10.0,namkeen_2,NA
16,neutral,1099,NA,NA,6.0,0.5,10.0,namkeen_1,NA
16,neutral,1100,NA,NA,6.0,0.5,10.0,2,NA
16,sad,1101,NA,NA,6.0,0.2,10.0,5,NA
16,neutral,1102,NA,NA,6.0,0.5,10.0,3,NA
17,neutral,1103,789.41,-36.48,6.0,0.5,10.0,biscuit_4,NA
17,angry,1104,926.54,113.01,6.0,0.0,10.0,biscuit_2,NA
17,neutral,1105,991.26,-236.66,6.0,0.5,10.0,biscuit_3,NA
17,neutral,1106,403.45,153.58,6.0,0.5,10.0,biscuit_1,C (Neutral)
17,neutral,1107,255.04,273.8,6.0,0.5,10.0,biscuit_5,A (Left)
18,neutral,1108,1561.65,-78.6,4.87,0.5,8.11,8,NA
18,neutral,1109,-31.85,595.8,1.72,0.5,2.86,10,NA
18,neutral,1110,544.43,360.82,5.03,0.5,8.38,7,B (Right)
18,neutral,1111,210.49,251.34,5.83,0.5,9.72,13,A (Left)
18,neutral,1112,237.28,442.66,3.89,0.5,6.49,12,A (Left)
18,neutral,1113,257.12,442.09,4.38,0.5,7.3,11,A (Left)
19,angry,1114,679.47,388.76,5.83,0.0,9.72,8,B (Right)
19,neutral,1115,511.47,1345.33,2.32,0.5,3.87,10,NA
19,neutral,1116,521.87,293.94,3.89,0.5,6.49,7,B (Right)
19,sad,1117,-353.48,-2129.33,1.16,0.2,1.94,11,NA
19,neutral,1118,NA,NA,1.3,0.5,2.16,13,NA
19,happy,1119,NA,NA,5.83,1.0,9.72,12,NA
